{
  "type": "FeatureCollection",
  "features": [
    {
      "type": "Feature",
      "properties": {
        "zoneId": "zone_002",
        "zoneName": "泰安望岳中学学区",
        "stage": "初中",
        "schoolId": "school_m_002",
        "description": "东界：致富路，荣军医院东路，西界：佳苑路，长城路，南界：灵山大街，北界：铁路。",
        "boundaryText": "东界：致富路，荣军医院东路，西界：佳苑路，长城路，南界：灵山大街，北界：铁路。",
        "year": 2025,
        "policyIds": [
          "policy_2025_001"
        ],
        "sourceName": "泰山区2025年义务教育学校地址及四至范围统计表",
        "sourceUrl": "【待补：官方网页链接】",
        "sourceType": "manual",
        "verifiedDate": "2025-08-29",
        "dataStatus": "estimated",
        "geometryAccuracy": "manualApproximation",
        "note": "Polygon 根据公开四至范围人工绘制，为原型展示用，后续需要进一步核验。"
      },
      "geometry": {
        "type": "Polygon",
        "coordinates": [
          [
            [
              117.09574309410522,
              36.178554354773816
            ],
            [
              117.07520339165501,
              36.17641716348415
            ],
            [
              117.07540637087482,
              36.18277144664425
            ],
            [
              117.0754702644837,
              36.18361566591055
            ],
            [
              117.07545726906939,
              36.18378563726597
            ],
            [
              117.07530829449297,
              36.18598124738241
            ],
            [
              117.07525630043888,
              36.18677610401413
            ],
            [
              117.0751973063558,
              36.187686938963616
            ],
            [
              117.0751643172213,
              36.188129863117545
            ],
            [
              117.07501341263068,
              36.189756615443414
            ],
            [
              117.07494447781131,
              36.190311549278796
            ],
            [
              117.07561021278019,
              36.19069676352139
            ],
            [
              117.07664230442477,
              36.19125459405706
            ],
            [
              117.07713341952744,
              36.19149805970165
            ],
            [
              117.07850701503814,
              36.192184620882244
            ],
            [
              117.07947238263377,
              36.19271464823659
            ],
            [
              117.08080523198593,
              36.19328941334189
            ],
            [
              117.0812725098376,
              36.193417017838364
            ],
            [
              117.0825166580468,
              36.19365603801048
            ],
            [
              117.08373793995086,
              36.19375517807832
            ],
            [
              117.08468267589089,
              36.193764575937344
            ],
            [
              117.08540574988483,
              36.19370415927058
            ],
            [
              117.0864734485334,
              36.19350561461234
            ],
            [
              117.0871966095381,
              36.19331728843833
            ],
            [
              117.08825345199857,
              36.19290188931074
            ],
            [
              117.08990776510888,
              36.19225736401473
            ],
            [
              117.09268228986417,
              36.19108378186061
            ],
            [
              117.09473972884054,
              36.19023256736168
            ],
            [
              117.09576404099448,
              36.18979153496927
            ],
            [
              117.0958769719048,
              36.18971454131595
            ],
            [
              117.09485280426995,
              36.188817902113094
            ],
            [
              117.09493090707204,
              36.187395243965135
            ],
            [
              117.09527906398102,
              36.18375909440137
            ],
            [
              117.09574309410522,
              36.178554354773816
            ]
          ]
        ]
      }
    },
    {
      "type": "Feature",
      "properties": {
        "zoneId": "zone_006",
        "zoneName": "山东省泰安第六中学新校区学区",
        "stage": "初中",
        "schoolId": "school_m_006",
        "description": "东至双龙河，西至迎春路，北至东岳大街，南至灵山大街（除东湖路以北，温泉路以西区域）。",
        "boundaryText": "东至双龙河，西至迎春路，北至东岳大街，南至灵山大街（除东湖路以北，温泉路以西区域）。",
        "year": 2025,
        "policyIds": [
          "policy_2025_001"
        ],
        "sourceName": "泰山区2025年义务教育学校地址及四至范围统计表",
        "sourceUrl": "【待补：官方网页链接】",
        "sourceType": "manual",
        "verifiedDate": "2025-08-29",
        "dataStatus": "estimated",
        "geometryAccuracy": "manualApproximation",
        "note": "Polygon 根据公开四至范围人工绘制，为原型展示用，后续需要进一步核验。"
      },
      "geometry": {
        "type": "Polygon",
        "coordinates": [
          [
            [
              117.15238972104409,
              36.19313491317513
            ],
            [
              117.1524658818792,
              36.1923286337507
            ],
            [
              117.15352163714107,
              36.192045540445605
            ],
            [
              117.15352768012988,
              36.1917516245898
            ],
            [
              117.15384721402208,
              36.191679201556525
            ],
            [
              117.15384224147661,
              36.191362272152325
            ],
            [
              117.15370205798239,
              36.190941132130746
            ],
            [
              117.1536570659524,
              36.19021223556007
            ],
            [
              117.15363486192142,
              36.19008583854864
            ],
            [
              117.15356096951359,
              36.18966520413666
            ],
            [
              117.15344394742768,
              36.188153376507195
            ],
            [
              117.15337586016852,
              36.18793631171376
            ],
            [
              117.15320761678699,
              36.18765008962225
            ],
            [
              117.1532246910566,
              36.18723822176218
            ],
            [
              117.15318568424863,
              36.18673127975304
            ],
            [
              117.15320774834434,
              36.18648237998328
            ],
            [
              117.15316270108383,
              36.18624735985474
            ],
            [
              117.1531907582182,
              36.186147433512275
            ],
            [
              117.15365755736265,
              36.18585032184517
            ],
            [
              117.15370765258449,
              36.185736437694636
            ],
            [
              117.15363458423845,
              36.185275424186884
            ],
            [
              117.15336523731838,
              36.184428163629946
            ],
            [
              117.1532300443449,
              36.18417499057912
            ],
            [
              117.15298870592787,
              36.18367669371765
            ],
            [
              117.1530899334032,
              36.18312400635317
            ],
            [
              117.15302285330247,
              36.18286195434853
            ],
            [
              117.15289366188024,
              36.18268977226619
            ],
            [
              117.15303394370424,
              36.182219132244605
            ],
            [
              117.15306203488846,
              36.18181628043232
            ],
            [
              117.1521244956986,
              36.18195962045598
            ],
            [
              117.1506520869376,
              36.18242298227449
            ],
            [
              117.1488211838363,
              36.18275081321179
            ],
            [
              117.14796686328916,
              36.182830372848684
            ],
            [
              117.14653470271804,
              36.182837020110846
            ],
            [
              117.13963203159749,
              36.18304223872902
            ],
            [
              117.13989704959194,
              36.18943136344614
            ],
            [
              117.14535341575352,
              36.189662388334334
            ],
            [
              117.14553036345613,
              36.19264694525276
            ],
            [
              117.15238972104409,
              36.19313491317513
            ]
          ]
        ]
      }
    },
    {
      "type": "Feature",
      "properties": {
        "zoneId": "zone_004",
        "zoneName": "山东省泰安东岳中学学区",
        "stage": "初中",
        "schoolId": "school_m_004",
        "description": "初中部：自东岳大街与唐王河交界处起，沿唐王河向北接北上高大街，沿北上高大街向西，接温泉路向北；自东岳大街与唐王河交界处起，沿东岳大街向西至温泉路向南接东湖路向西接迎春路向北接东岳大街向西至虎山路；沿虎山路向北过岱宗大街，擂鼓石大街接虎山路，沿梳洗河东岸向北。包括东关村和三合村。小学部：东界：自迎暄大街与唐王河交界处起，沿唐王河向北、接岱宗大街、沿岱宗大街向西、至岱道庵路向北、与擂鼓石大街交界处止。西界：自擂鼓石大街与虎山东路交界处起，沿虎山东路向南、过岱宗大街、经三角花园岱东市场、接迎春路、接复退军人精神病院至梳洗河东岸，并沿梳洗河东岸向南至与迎暄大街交界处止。南界：自迎暄大街与梳洗河东岸交界处起，沿迎暄大街向东、至与唐王河交界处止。北界：自岱道庵路与擂鼓石大街交界处起，沿擂鼓石大街向西至与虎山东路交界处止。",
        "boundaryText": "初中部：自东岳大街与唐王河交界处起，沿唐王河向北接北上高大街，沿北上高大街向西，接温泉路向北；自东岳大街与唐王河交界处起，沿东岳大街向西至温泉路向南接东湖路向西接迎春路向北接东岳大街向西至虎山路；沿虎山路向北过岱宗大街，擂鼓石大街接虎山路，沿梳洗河东岸向北。包括东关村和三合村。小学部：东界：自迎暄大街与唐王河交界处起，沿唐王河向北、接岱宗大街、沿岱宗大街向西、至岱道庵路向北、与擂鼓石大街交界处止。西界：自擂鼓石大街与虎山东路交界处起，沿虎山东路向南、过岱宗大街、经三角花园岱东市场、接迎春路、接复退军人精神病院至梳洗河东岸，并沿梳洗河东岸向南至与迎暄大街交界处止。南界：自迎暄大街与梳洗河东岸交界处起，沿迎暄大街向东、至与唐王河交界处止。北界：自岱道庵路与擂鼓石大街交界处起，沿擂鼓石大街向西至与虎山东路交界处止。",
        "year": 2025,
        "policyIds": [
          "policy_2025_001"
        ],
        "sourceName": "泰山区2025年义务教育学校地址及四至范围统计表",
        "sourceUrl": "【待补：官方网页链接】",
        "sourceType": "manual",
        "verifiedDate": "2025-08-29",
        "dataStatus": "estimated",
        "geometryAccuracy": "manualApproximation",
        "note": "Polygon 根据公开四至范围人工绘制，为原型展示用，后续需要进一步核验。"
      },
      "geometry": {
        "type": "Polygon",
        "coordinates": [
          [
            [
              117.1317430373236,
              36.189978691697256
            ],
            [
              117.1316388152072,
              36.1909983056504
            ],
            [
              117.1314254649994,
              36.1921707443756
            ],
            [
              117.1310038535234,
              36.19381780588425
            ],
            [
              117.1309337460628,
              36.19414863592906
            ],
            [
              117.13024678352718,
              36.19667615636535
            ],
            [
              117.12998542702894,
              36.19759360769473
            ],
            [
              117.12990226765304,
              36.19829732933612
            ],
            [
              117.12949186724438,
              36.198384814690435
            ],
            [
              117.1289141132532,
              36.2002916469498
            ],
            [
              117.12883801766026,
              36.20051849997821
            ],
            [
              117.12873480695464,
              36.201547117617714
            ],
            [
              117.12840751232622,
              36.201525741772
            ],
            [
              117.12808021720261,
              36.201546358631276
            ],
            [
              117.12759276812388,
              36.20173175497624
            ],
            [
              117.12736850199896,
              36.202372338417504
            ],
            [
              117.1267718878519,
              36.203333426996956
            ],
            [
              117.12645759056042,
              36.20365899749739
            ],
            [
              117.12616932608357,
              36.20391661684305
            ],
            [
              117.12605420911491,
              36.20412843775437
            ],
            [
              117.12585497294417,
              36.204805049511016
            ],
            [
              117.12600906356718,
              36.2050951416678
            ],
            [
              117.12706876824225,
              36.20508259409201
            ],
            [
              117.12861750836471,
              36.20484770316004
            ],
            [
              117.13404703548339,
              36.20591312144141
            ],
            [
              117.13676144642473,
              36.208187654917346
            ],
            [
              117.13825247466237,
              36.20885581505764
            ],
            [
              117.14082015549934,
              36.20956075816477
            ],
            [
              117.14155810194605,
              36.211024589613345
            ],
            [
              117.14152782191407,
              36.213105000814274
            ],
            [
              117.14225082628718,
              36.213961972699714
            ],
            [
              117.14471554595244,
              36.21504783198722
            ],
            [
              117.14632392709409,
              36.21678513592881
            ],
            [
              117.15048658933904,
              36.218836909087194
            ],
            [
              117.15215452665372,
              36.21798412313021
            ],
            [
              117.15279684237389,
              36.21522635858144
            ],
            [
              117.15054537200872,
              36.21391882973772
            ],
            [
              117.1498693313153,
              36.21369674172871
            ],
            [
              117.1494787313331,
              36.213597109191234
            ],
            [
              117.14918929102124,
              36.21350464701962
            ],
            [
              117.14864647954288,
              36.21324980540167
            ],
            [
              117.14823087390268,
              36.212956190139394
            ],
            [
              117.14796048580476,
              36.21273180018833
            ],
            [
              117.14792143470082,
              36.212656755038076
            ],
            [
              117.14790942394018,
              36.212589752547395
            ],
            [
              117.1479375009983,
              36.21228587778031
            ],
            [
              117.1479135068912,
              36.21190893575431
            ],
            [
              117.14784341689378,
              36.211759858470465
            ],
            [
              117.14754297885393,
              36.21159640505988
            ],
            [
              117.14711133627901,
              36.21151271748285
            ],
            [
              117.14554203283548,
              36.21126223426627
            ],
            [
              117.14580455206111,
              36.21007796318038
            ],
            [
              117.14616729182193,
              36.208269016013716
            ],
            [
              117.14862800620249,
              36.20832304821312
            ],
            [
              117.14899491302836,
              36.205306435536485
            ],
            [
              117.14929074787688,
              36.201972782588214
            ],
            [
              117.14993275042586,
              36.20198186179771
            ],
            [
              117.15003495130463,
              36.20162412566734
            ],
            [
              117.15203713479376,
              36.201687530036345
            ],
            [
              117.1521481469634,
              36.19428759293625
            ],
            [
              117.15238972104409,
              36.19313491317513
            ],
            [
              117.14553036345613,
              36.19264694525276
            ],
            [
              117.14535341575352,
              36.189662388334334
            ],
            [
              117.13989704959194,
              36.18943136344614
            ],
            [
              117.13976091770202,
              36.1894092081642
            ],
            [
              117.13817846702798,
              36.18934855530316
            ],
            [
              117.13772891166685,
              36.1893099204484
            ],
            [
              117.13611096246895,
              36.18921766745392
            ],
            [
              117.13529601322256,
              36.1891775574746
            ],
            [
              117.13478342767944,
              36.189153868225176
            ],
            [
              117.13434293261102,
              36.189126283523834
            ],
            [
              117.1338403749126,
              36.18910562038119
            ],
            [
              117.13304651244987,
              36.189071587792405
            ],
            [
              117.13257100677721,
              36.18905097802293
            ],
            [
              117.13179693025484,
              36.18901910811702
            ],
            [
              117.1317430373236,
              36.189978691697256
            ]
          ]
        ]
      }
    },
    {
      "type": "Feature",
      "properties": {
        "zoneId": "zone_010",
        "zoneName": "泰安一中萃英学校学区",
        "stage": "初中",
        "schoolId": "school_m_010",
        "description": "东至红门路，西至渿河，南至岱宗大街（含青年路以西，北新东街以北，北新街以东，岱宗大街以南的小片区域）。",
        "boundaryText": "东至红门路，西至渿河，南至岱宗大街（含青年路以西，北新东街以北，北新街以东，岱宗大街以南的小片区域）。",
        "year": 2025,
        "policyIds": [
          "policy_2025_001"
        ],
        "sourceName": "泰山区2025年义务教育学校地址及四至范围统计表",
        "sourceUrl": "【待补：官方网页链接】",
        "sourceType": "manual",
        "verifiedDate": "2025-08-29",
        "dataStatus": "estimated",
        "geometryAccuracy": "manualApproximation",
        "note": "Polygon 根据公开四至范围人工绘制，为原型展示用，后续需要进一步核验。"
      },
      "geometry": {
        "type": "Polygon",
        "coordinates": [
          [
            [
              117.12465372496362,
              36.19878531146159
            ],
            [
              117.1245465171543,
              36.199917913439876
            ],
            [
              117.12449945017391,
              36.20020179280729
            ],
            [
              117.12446238265662,
              36.200556664492076
            ],
            [
              117.12439024757211,
              36.20128140608212
            ],
            [
              117.12428508241887,
              36.20206010002647
            ],
            [
              117.12422800504068,
              36.20237596116415
            ],
            [
              117.12414090521077,
              36.20269878996452
            ],
            [
              117.12404280103894,
              36.20299261518736
            ],
            [
              117.1237975619597,
              36.2035542236888
            ],
            [
              117.12350027516813,
              36.20423875072366
            ],
            [
              117.12268050686997,
              36.20610146760648
            ],
            [
              117.12258041252376,
              36.20635130668304
            ],
            [
              117.12249131349083,
              36.206710128699704
            ],
            [
              117.12225815895555,
              36.20673789803196
            ],
            [
              117.12176283274611,
              36.20684840109208
            ],
            [
              117.1214856517699,
              36.20693811961997
            ],
            [
              117.12078521590203,
              36.20710943470255
            ],
            [
              117.12041199278715,
              36.20719907731988
            ],
            [
              117.11972860658781,
              36.207309449741054
            ],
            [
              117.11932539672921,
              36.207303105756054
            ],
            [
              117.11864206320791,
              36.20724654812119
            ],
            [
              117.117793685885,
              36.20711589525731
            ],
            [
              117.11709540719758,
              36.206948393373224
            ],
            [
              117.11685431710774,
              36.206883226213435
            ],
            [
              117.11648918695516,
              36.206774979666655
            ],
            [
              117.11575294180027,
              36.20657349356276
            ],
            [
              117.1150687345407,
              36.206409054479884
            ],
            [
              117.11416048413022,
              36.20627947667447
            ],
            [
              117.11272915314694,
              36.206231591131264
            ],
            [
              117.11222505953455,
              36.206223296222774
            ],
            [
              117.11203602902235,
              36.20620819130244
            ],
            [
              117.11178499158575,
              36.206185054946765
            ],
            [
              117.11078388594875,
              36.20598256442429
            ],
            [
              117.11022585136833,
              36.205847314173866
            ],
            [
              117.1098438312624,
              36.20580313769454
            ],
            [
              117.10939681354364,
              36.2057829306298
            ],
            [
              117.10911780587081,
              36.205785801540486
            ],
            [
              117.1082517985314,
              36.205872401206776
            ],
            [
              117.10632490252118,
              36.20622358065462
            ],
            [
              117.10579196777194,
              36.20629838666477
            ],
            [
              117.10376536805651,
              36.20643879490417
            ],
            [
              117.10335748094914,
              36.20641271074992
            ],
            [
              117.10319353316797,
              36.206363688803165
            ],
            [
              117.10301859370708,
              36.206282674008484
            ],
            [
              117.10277469541128,
              36.20604068863423
            ],
            [
              117.102922656592,
              36.20598173220376
            ],
            [
              117.10319958125585,
              36.205922803081194
            ],
            [
              117.10375347792863,
              36.20549403428005
            ],
            [
              117.10520130017431,
              36.20423373531098
            ],
            [
              117.10563426433113,
              36.2038929527599
            ],
            [
              117.10654423855635,
              36.20302047504647
            ],
            [
              117.10686822182424,
              36.2028686287824
            ],
            [
              117.1072721943888,
              36.202804794580594
            ],
            [
              117.10785816460556,
              36.20275603590256
            ],
            [
              117.10845114908398,
              36.202736286974776
            ],
            [
              117.10926519699765,
              36.20235574516291
            ],
            [
              117.11083235221761,
              36.20190263176434
            ],
            [
              117.11131143426941,
              36.20167594496092
            ],
            [
              117.1121635712015,
              36.2016024407819
            ],
            [
              117.11307677246343,
              36.20139403704107
            ],
            [
              117.11373195981304,
              36.20108752492385
            ],
            [
              117.1139450361177,
              36.20089171162165
            ],
            [
              117.11443924648249,
              36.200217207308874
            ],
            [
              117.1144162823605,
              36.199842287144435
            ],
            [
              117.11443135316784,
              36.19925344644416
            ],
            [
              117.11492661229285,
              36.198253034144585
            ],
            [
              117.11533787017927,
              36.19712360445649
            ],
            [
              117.11551296264926,
              36.19681780490434
            ],
            [
              117.11666147779694,
              36.19594086352076
            ],
            [
              117.11768200430491,
              36.19501488261411
            ],
            [
              117.11793108922471,
              36.19524002369547
            ],
            [
              117.11837425299646,
              36.1955912927595
            ],
            [
              117.11926461573582,
              36.196240869229854
            ],
            [
              117.1192741275276,
              36.196248900701
            ],
            [
              117.11927562135297,
              36.19624087855818
            ],
            [
              117.11932765645734,
              36.19616594162548
            ],
            [
              117.11948481038152,
              36.19552223782361
            ],
            [
              117.11974305928764,
              36.19452171174681
            ],
            [
              117.11994726077873,
              36.19370809355378
            ],
            [
              117.12019250439427,
              36.19273855183025
            ],
            [
              117.12025157368085,
              36.192414685114684
            ],
            [
              117.12024258224496,
              36.19229470722996
            ],
            [
              117.12019056102805,
              36.192227678128866
            ],
            [
              117.12002047646872,
              36.19215054808703
            ],
            [
              117.11998446423172,
              36.192085532878465
            ],
            [
              117.1199914792206,
              36.19198656378995
            ],
            [
              117.12225980115541,
              36.19221158207761
            ],
            [
              117.12231984318198,
              36.192182646713846
            ],
            [
              117.12232885544834,
              36.19212566960828
            ],
            [
              117.12237489081804,
              36.192076725966054
            ],
            [
              117.12242792779188,
              36.1920547823614
            ],
            [
              117.12265407329605,
              36.19208099393532
            ],
            [
              117.12272311804439,
              36.192090058620224
            ],
            [
              117.12205425164004,
              36.195912456833504
            ],
            [
              117.12190906502755,
              36.19675210790943
            ],
            [
              117.12170981401908,
              36.19787263781906
            ],
            [
              117.12168979337109,
              36.19794560065227
            ],
            [
              117.12166839878923,
              36.19794310150866
            ],
            [
              117.1216917932539,
              36.19795759948796
            ],
            [
              117.12239619388994,
              36.19836916258743
            ],
            [
              117.12264334279736,
              36.19848537139491
            ],
            [
              117.12304959952074,
              36.19862173306748
            ],
            [
              117.12341884578994,
              36.198686081825144
            ],
            [
              117.12383813567841,
              36.19873149053677
            ],
            [
              117.12465372496362,
              36.19878531146159
            ]
          ]
        ]
      }
    },
    {
      "type": "Feature",
      "properties": {
        "zoneId": "zone_016",
        "zoneName": "泰安市第一实验学校花园校区学区",
        "stage": "小学",
        "schoolId": "school_p_004",
        "description": "北界：东岳大街以南自东岳大街与温泉路交界处起，沿东岳大街向东、至与唐王河交界处止；西界：温泉路以东自温泉路与东岳大街交界处起，沿温泉路向南、至与东湖路交界处止；南界：东湖路以北自东湖路与温泉路交界处起，沿东湖路向东、至与唐王河交界处止；东界：唐王河以西自东湖路与唐王河交界处起，沿唐王河向北、至与东岳大街交界处止；该学区含东湖路以南的花园小区南区48号、49号楼。",
        "boundaryText": "北界：东岳大街以南自东岳大街与温泉路交界处起，沿东岳大街向东、至与唐王河交界处止；西界：温泉路以东自温泉路与东岳大街交界处起，沿温泉路向南、至与东湖路交界处止；南界：东湖路以北自东湖路与温泉路交界处起，沿东湖路向东、至与唐王河交界处止；东界：唐王河以西自东湖路与唐王河交界处起，沿唐王河向北、至与东岳大街交界处止；该学区含东湖路以南的花园小区南区48号、49号楼。",
        "year": 2025,
        "policyIds": [
          "policy_2025_001"
        ],
        "sourceName": "泰山区2025年义务教育学校地址及四至范围统计表",
        "sourceUrl": "【待补：官方网页链接】",
        "sourceType": "manual",
        "verifiedDate": "2025-08-29",
        "dataStatus": "estimated",
        "geometryAccuracy": "manualApproximation",
        "note": "Polygon 根据公开四至范围人工绘制，为原型展示用，后续需要进一步核验。"
      },
      "geometry": {
        "type": "Polygon",
        "coordinates": [
          [
            [
              117.14553036345613,
              36.19264694525276
            ],
            [
              117.14535341575352,
              36.189662388334334
            ],
            [
              117.14852693426974,
              36.18982156769862
            ],
            [
              117.14855301412663,
              36.189468699168444
            ],
            [
              117.1508445875901,
              36.18957653580426
            ],
            [
              117.15084454961429,
              36.18991345167511
            ],
            [
              117.15363486192142,
              36.19008583854864
            ],
            [
              117.1536570659524,
              36.19021223556007
            ],
            [
              117.15370205798239,
              36.190941132130746
            ],
            [
              117.15384224147661,
              36.191362272152325
            ],
            [
              117.15384721402208,
              36.191679201556525
            ],
            [
              117.15352768012988,
              36.1917516245898
            ],
            [
              117.15352163714107,
              36.192045540445605
            ],
            [
              117.1524658818792,
              36.1923286337507
            ],
            [
              117.15238972104409,
              36.19313491317513
            ],
            [
              117.14553036345613,
              36.19264694525276
            ]
          ]
        ]
      }
    },
    {
      "type": "Feature",
      "properties": {
        "zoneId": "zone_003",
        "zoneName": "山东省泰安第六中学学区",
        "stage": "初中",
        "schoolId": "school_m_003",
        "description": "东界：虎山路（东湖公园西门）往北沿虎山路，经过岱宗大街与虎山路路口，沿梳洗河到环山路，梳洗河以西。北界：红门路与梳洗河之间。西界：红门路（下行至岱宗大街，向西至校场街北头），南界：自东岳大街与校场街十字路口向东至岱庙南门（双龙池），向南至通天街到财源街交叉路口，再向东达东湖公园西门路口。",
        "boundaryText": "东界：虎山路（东湖公园西门）往北沿虎山路，经过岱宗大街与虎山路路口，沿梳洗河到环山路，梳洗河以西。北界：红门路与梳洗河之间。西界：红门路（下行至岱宗大街，向西至校场街北头），南界：自东岳大街与校场街十字路口向东至岱庙南门（双龙池），向南至通天街到财源街交叉路口，再向东达东湖公园西门路口。",
        "year": 2025,
        "policyIds": [
          "policy_2025_001"
        ],
        "sourceName": "泰山区2025年义务教育学校地址及四至范围统计表",
        "sourceUrl": "【待补：官方网页链接】",
        "sourceType": "manual",
        "verifiedDate": "2025-08-29",
        "dataStatus": "estimated",
        "geometryAccuracy": "manualApproximation",
        "note": "Polygon 根据公开四至范围人工绘制，为原型展示用，后续需要进一步核验。"
      },
      "geometry": {
        "type": "Polygon",
        "coordinates": [
          [
            [
              117.13184735446526,
              36.188121286394015
            ],
            [
              117.1317430373236,
              36.189978691697256
            ],
            [
              117.1316388152072,
              36.1909983056504
            ],
            [
              117.1314254649994,
              36.1921707443756
            ],
            [
              117.1310038535234,
              36.19381780588425
            ],
            [
              117.1309337460628,
              36.19414863592906
            ],
            [
              117.13024678352718,
              36.19667615636535
            ],
            [
              117.12998542702894,
              36.19759360769473
            ],
            [
              117.12990226765304,
              36.19829732933612
            ],
            [
              117.12949186724438,
              36.198384814690435
            ],
            [
              117.1289141132532,
              36.2002916469498
            ],
            [
              117.12883801766026,
              36.20051849997821
            ],
            [
              117.12873480695464,
              36.201547117617714
            ],
            [
              117.12840751232622,
              36.201525741772
            ],
            [
              117.12808021720261,
              36.201546358631276
            ],
            [
              117.12759276812388,
              36.20173175497624
            ],
            [
              117.12736850199896,
              36.202372338417504
            ],
            [
              117.1267718878519,
              36.203333426996956
            ],
            [
              117.12645759056042,
              36.20365899749739
            ],
            [
              117.12616932608357,
              36.20391661684305
            ],
            [
              117.12605420911491,
              36.20412843775437
            ],
            [
              117.12585497294417,
              36.204805049511016
            ],
            [
              117.12600906356718,
              36.2050951416678
            ],
            [
              117.12706876824225,
              36.20508259409201
            ],
            [
              117.12519441253423,
              36.205182248685006
            ],
            [
              117.12498317672622,
              36.20583785862771
            ],
            [
              117.12477098872584,
              36.20608057477144
            ],
            [
              117.12416850108958,
              36.20645285823867
            ],
            [
              117.123822232825,
              36.20662246335794
            ],
            [
              117.12252733889933,
              36.20669416750517
            ],
            [
              117.12250732996445,
              36.20665715771894
            ],
            [
              117.12258841824655,
              36.20634731544091
            ],
            [
              117.12267149819138,
              36.20612545272559
            ],
            [
              117.12306186008688,
              36.20524006049593
            ],
            [
              117.12351528858991,
              36.204212772346025
            ],
            [
              117.12371056043476,
              36.203754551781365
            ],
            [
              117.1237975619597,
              36.2035542236888
            ],
            [
              117.12404280103894,
              36.20299261518736
            ],
            [
              117.12414090521077,
              36.20269878996452
            ],
            [
              117.12422258073624,
              36.202396065930095
            ],
            [
              117.12423601404433,
              36.20234797648394
            ],
            [
              117.12424916841934,
              36.20225884490766
            ],
            [
              117.12428508241887,
              36.20206010002647
            ],
            [
              117.12435602798845,
              36.201534784523005
            ],
            [
              117.12437822709478,
              36.20138436754497
            ],
            [
              117.12438714195028,
              36.20130440161666
            ],
            [
              117.12439024757211,
              36.20128140608212
            ],
            [
              117.12439476158353,
              36.201236053784505
            ],
            [
              117.12446938670489,
              36.20056666917065
            ],
            [
              117.12452531714013,
              36.20004577901703
            ],
            [
              117.1245465171543,
              36.199917913439876
            ],
            [
              117.12460211545002,
              36.19933054261203
            ],
            [
              117.12466173207692,
              36.198775322295724
            ],
            [
              117.12361437975723,
              36.19870725797505
            ],
            [
              117.12359021787461,
              36.19870464126525
            ],
            [
              117.1230325902442,
              36.19860172143035
            ],
            [
              117.12277846801366,
              36.19853072670706
            ],
            [
              117.12264334279736,
              36.19848537139491
            ],
            [
              117.12257149802674,
              36.19845159016074
            ],
            [
              117.12184520811235,
              36.19804723582759
            ],
            [
              117.1216917932539,
              36.19795759948796
            ],
            [
              117.12166839878923,
              36.19794310150866
            ],
            [
              117.12168979337109,
              36.19794560065227
            ],
            [
              117.12170981401908,
              36.19787263781906
            ],
            [
              117.12190906502755,
              36.19675210790943
            ],
            [
              117.12205425164004,
              36.195912456833504
            ],
            [
              117.12272311804439,
              36.192090058620224
            ],
            [
              117.12265407329605,
              36.19208099393532
            ],
            [
              117.12242792779188,
              36.1920547823614
            ],
            [
              117.12237489081804,
              36.192076725966054
            ],
            [
              117.12232885544834,
              36.19212566960828
            ],
            [
              117.12231984318198,
              36.192182646713846
            ],
            [
              117.12225980115541,
              36.19221158207761
            ],
            [
              117.1199914792206,
              36.19198656378995
            ],
            [
              117.11998446423172,
              36.192085532878465
            ],
            [
              117.12002047646872,
              36.19215054808703
            ],
            [
              117.12019056102805,
              36.192227678128866
            ],
            [
              117.12024258224496,
              36.19229470722996
            ],
            [
              117.12025157368085,
              36.192414685114684
            ],
            [
              117.12019250439427,
              36.19273855183025
            ],
            [
              117.11994726077873,
              36.19370809355378
            ],
            [
              117.11974305928764,
              36.19452171174681
            ],
            [
              117.11948481038152,
              36.19552223782361
            ],
            [
              117.11932765645734,
              36.19616594162548
            ],
            [
              117.11927562135297,
              36.19624087855818
            ],
            [
              117.1192741275276,
              36.196248900701
            ],
            [
              117.11926461573582,
              36.196240869229854
            ],
            [
              117.1189167961016,
              36.19598711259749
            ],
            [
              117.11797710755239,
              36.195261055186336
            ],
            [
              117.11773357417583,
              36.19506149521721
            ],
            [
              117.11768200430491,
              36.19501488261411
            ],
            [
              117.117679482632,
              36.195017170669296
            ],
            [
              117.11721384756484,
              36.194635612621944
            ],
            [
              117.1167276988762,
              36.19421334802673
            ],
            [
              117.1160975256477,
              36.19364002472046
            ],
            [
              117.11522830857584,
              36.192929583179954
            ],
            [
              117.11474718826493,
              36.192675316310805
            ],
            [
              117.11325781352522,
              36.19253638448354
            ],
            [
              117.11350916516261,
              36.189940190772965
            ],
            [
              117.12569238239523,
              36.1911823196941
            ],
            [
              117.126139134447,
              36.18768667351405
            ],
            [
              117.13184735446526,
              36.188121286394015
            ]
          ]
        ]
      }
    },
    {
      "type": "Feature",
      "properties": {
        "zoneId": "zone_031",
        "zoneName": "泰安市泰山区凤台中学学区",
        "stage": "初中",
        "schoolId": "school_m_013",
        "description": "中学部：东至芝田河、西至双龙河、南至五马街、北至谢过城街。",
        "boundaryText": "中学部：东至芝田河、西至双龙河、南至五马街、北至谢过城街。",
        "year": 2025,
        "policyIds": [
          "policy_2025_001"
        ],
        "sourceName": "泰山区2025年义务教育学校地址及四至范围统计表",
        "sourceUrl": "【待补：官方网页链接】",
        "sourceType": "manual",
        "verifiedDate": "2025-08-29",
        "dataStatus": "estimated",
        "geometryAccuracy": "manualApproximation",
        "note": "Polygon 根据公开四至范围人工绘制，为原型展示用，后续需要进一步核验。"
      },
      "geometry": {
        "type": "Polygon",
        "coordinates": [
          [
            [
              117.14929074787688,
              36.201972782588214
            ],
            [
              117.14899491302836,
              36.205306435536485
            ],
            [
              117.14862832918153,
              36.208320392763284
            ],
            [
              117.15432511827292,
              36.208436786994945
            ],
            [
              117.15590775985635,
              36.208460579568374
            ],
            [
              117.15721694971027,
              36.20871285357463
            ],
            [
              117.16012484282612,
              36.209802835751795
            ],
            [
              117.1613970291236,
              36.21017506797974
            ],
            [
              117.16402762767473,
              36.21073377856637
            ],
            [
              117.164601647776,
              36.21078183171023
            ],
            [
              117.16523678027876,
              36.21082800097476
            ],
            [
              117.16569761232623,
              36.210785870238674
            ],
            [
              117.1662676387753,
              36.210775935988245
            ],
            [
              117.1718537724793,
              36.21072042232288
            ],
            [
              117.17312909650344,
              36.21070082310648
            ],
            [
              117.1740647933429,
              36.21075756521276
            ],
            [
              117.18474595902212,
              36.210789346662466
            ],
            [
              117.18496789384659,
              36.21484269723813
            ],
            [
              117.18524683370609,
              36.219734922488804
            ],
            [
              117.18524875128168,
              36.219765502456646
            ],
            [
              117.18978760020515,
              36.219963958975946
            ],
            [
              117.19047273705785,
              36.220075128696166
            ],
            [
              117.19179392374801,
              36.220141404354855
            ],
            [
              117.19438811171688,
              36.220397761507996
            ],
            [
              117.19883897510113,
              36.22085796083016
            ],
            [
              117.2013947054826,
              36.22116291014499
            ],
            [
              117.20252631564792,
              36.221199640515444
            ],
            [
              117.20537119820358,
              36.22141383115122
            ],
            [
              117.20677003138442,
              36.22144983988238
            ],
            [
              117.2123647492242,
              36.22175133351451
            ],
            [
              117.21383667918117,
              36.21886094568071
            ],
            [
              117.21526195733843,
              36.211752532995995
            ],
            [
              117.21641564858747,
              36.20690014490763
            ],
            [
              117.2168763327017,
              36.204764224641686
            ],
            [
              117.21730890234429,
              36.20334908022451
            ],
            [
              117.2186058192428,
              36.19686017436674
            ],
            [
              117.2184988064639,
              36.19611024615904
            ],
            [
              117.2166498038969,
              36.18958379901334
            ],
            [
              117.21312521556764,
              36.18919364289379
            ],
            [
              117.21077457083243,
              36.18908563728247
            ],
            [
              117.20705401154082,
              36.189027550494885
            ],
            [
              117.20280926797297,
              36.18933723463224
            ],
            [
              117.19871725587674,
              36.18982171800295
            ],
            [
              117.18272748439269,
              36.192177401558496
            ],
            [
              117.18015206298622,
              36.18170425806587
            ],
            [
              117.1690508089291,
              36.1828042076455
            ],
            [
              117.16191692445467,
              36.183653720890895
            ],
            [
              117.15894970727163,
              36.183958224313486
            ],
            [
              117.1571045100082,
              36.184239827180015
            ],
            [
              117.15467440254258,
              36.18439646717769
            ],
            [
              117.15336523731838,
              36.184428163629946
            ],
            [
              117.15363458423845,
              36.185275424186884
            ],
            [
              117.15370765258449,
              36.185736437694636
            ],
            [
              117.15365755736265,
              36.18585032184517
            ],
            [
              117.1531907582182,
              36.186147433512275
            ],
            [
              117.15316270108383,
              36.18624735985474
            ],
            [
              117.15320774834434,
              36.18648237998328
            ],
            [
              117.15318568424863,
              36.18673127975304
            ],
            [
              117.1532246910566,
              36.18723822176218
            ],
            [
              117.15320761678699,
              36.18765008962225
            ],
            [
              117.15337586016852,
              36.18793631171376
            ],
            [
              117.15344394742768,
              36.188153376507195
            ],
            [
              117.15356096951359,
              36.18966520413666
            ],
            [
              117.15363486192142,
              36.19008583854864
            ],
            [
              117.1536570659524,
              36.19021223556007
            ],
            [
              117.15370205798239,
              36.190941132130746
            ],
            [
              117.15384224147661,
              36.191362272152325
            ],
            [
              117.15384721402208,
              36.191679201556525
            ],
            [
              117.15352768012988,
              36.1917516245898
            ],
            [
              117.15352163714107,
              36.192045540445605
            ],
            [
              117.1524658818792,
              36.1923286337507
            ],
            [
              117.15238972104409,
              36.19313491317513
            ],
            [
              117.1521481469634,
              36.19428759293625
            ],
            [
              117.15203713479376,
              36.201687530036345
            ],
            [
              117.15003495130463,
              36.20162412566734
            ],
            [
              117.14993275042586,
              36.20198186179771
            ],
            [
              117.14929074787688,
              36.201972782588214
            ]
          ]
        ]
      }
    },
    {
      "type": "Feature",
      "properties": {
        "zoneId": "zone_032",
        "zoneName": "泰安市泰山区凤台小学学区",
        "stage": "小学",
        "schoolId": "school_p_019",
        "description": "小学部：北至北上高大街，南至东湖路，西至唐王河，东至天烛峰路。",
        "boundaryText": "小学部：北至北上高大街，南至东湖路，西至唐王河，东至天烛峰路。",
        "year": 2025,
        "policyIds": [
          "policy_2025_001"
        ],
        "sourceName": "泰山区2025年义务教育学校地址及四至范围统计表",
        "sourceUrl": "【待补：官方网页链接】",
        "sourceType": "manual",
        "verifiedDate": "2025-08-29",
        "dataStatus": "estimated",
        "geometryAccuracy": "manualApproximation",
        "note": "Polygon 根据公开四至范围人工绘制，为原型展示用，后续需要进一步核验。"
      },
      "geometry": {
        "type": "Polygon",
        "coordinates": [
          [
            [
              117.14862800620249,
              36.20832304821312
            ],
            [
              117.14899491302836,
              36.205306435536485
            ],
            [
              117.14929074787688,
              36.201972782588214
            ],
            [
              117.14929074787688,
              36.201972782588214
            ],
            [
              117.14993275042586,
              36.20198186179771
            ],
            [
              117.15003495130463,
              36.20162412566734
            ],
            [
              117.15203713479376,
              36.201687530036345
            ],
            [
              117.1521481469634,
              36.19428759293625
            ],
            [
              117.15238972104409,
              36.19313491317513
            ],
            [
              117.1524658818792,
              36.1923286337507
            ],
            [
              117.15352163714107,
              36.192045540445605
            ],
            [
              117.15352768012988,
              36.1917516245898
            ],
            [
              117.15384721402208,
              36.191679201556525
            ],
            [
              117.15384224147661,
              36.191362272152325
            ],
            [
              117.15370205798239,
              36.190941132130746
            ],
            [
              117.1536570659524,
              36.19021223556007
            ],
            [
              117.15363486192142,
              36.19008583854864
            ],
            [
              117.15408378613577,
              36.19006401996973
            ],
            [
              117.15462368586327,
              36.190019980229124
            ],
            [
              117.15503437803682,
              36.1899477229987
            ],
            [
              117.15548514339949,
              36.18984754600968
            ],
            [
              117.15644880510341,
              36.18950634581381
            ],
            [
              117.15676835885428,
              36.18939794395874
            ],
            [
              117.15708390848461,
              36.189279538625314
            ],
            [
              117.15737341540266,
              36.18915908817204
            ],
            [
              117.15864465597724,
              36.1886275129044
            ],
            [
              117.1588710569093,
              36.1885369455113
            ],
            [
              117.15903634978487,
              36.188473261075266
            ],
            [
              117.15928178273471,
              36.188401724408266
            ],
            [
              117.15964943061509,
              36.18831341487688
            ],
            [
              117.16062915069307,
              36.18820822869368
            ],
            [
              117.16152873737435,
              36.18813489585985
            ],
            [
              117.16265273482253,
              36.18801899414599
            ],
            [
              117.16365853475868,
              36.18789688415854
            ],
            [
              117.16382282983835,
              36.187875193963606
            ],
            [
              117.16401717649495,
              36.18787355468068
            ],
            [
              117.16698152936996,
              36.18758014895647
            ],
            [
              117.16749646399667,
              36.1875371227731
            ],
            [
              117.16873672225809,
              36.187416476040646
            ],
            [
              117.16998400007382,
              36.187287848241525
            ],
            [
              117.17022631574176,
              36.18839902675754
            ],
            [
              117.17044559529268,
              36.18946017408081
            ],
            [
              117.17055872357184,
              36.190150214334295
            ],
            [
              117.17063779119046,
              36.19082919320364
            ],
            [
              117.17072585309064,
              36.191705139491035
            ],
            [
              117.1707698694464,
              36.192273079934466
            ],
            [
              117.1708668856561,
              36.19370190375958
            ],
            [
              117.1710358390898,
              36.19685742663355
            ],
            [
              117.1712007742485,
              36.200110912953924
            ],
            [
              117.17152276001465,
              36.20546115372534
            ],
            [
              117.1718367406947,
              36.21072738852392
            ],
            [
              117.16778237189064,
              36.210783765721935
            ],
            [
              117.16574369580326,
              36.210779957662886
            ],
            [
              117.16522275242617,
              36.21085196866581
            ],
            [
              117.16457560006587,
              36.21079178074325
            ],
            [
              117.16361890869001,
              36.21064904298592
            ],
            [
              117.1624999489436,
              36.210409036936575
            ],
            [
              117.1608961634787,
              36.21005218135759
            ],
            [
              117.16011081848504,
              36.2098018104298
            ],
            [
              117.1598193241468,
              36.209682309866764
            ],
            [
              117.15834082863147,
              36.209120772165775
            ],
            [
              117.15712579645096,
              36.20869469474034
            ],
            [
              117.1564466594691,
              36.20855151644052
            ],
            [
              117.15586869442727,
              36.20845751088611
            ],
            [
              117.15430708964067,
              36.20842575814539
            ],
            [
              117.15117800369806,
              36.20836434559334
            ],
            [
              117.14862800620249,
              36.20832304821312
            ]
          ]
        ]
      }
    },
    {
      "type": "Feature",
      "properties": {
        "zoneId": "zone_033",
        "zoneName": "泰安泰山实验中学学区",
        "stage": "初中",
        "schoolId": "school_m_005",
        "description": "西界：王家庄社区接长城路以东（长城路以西圣山帝景属于）；东界：龙潭路；南界：长城路南接泰山大街，东接佳苑路，北接铁路，东接荣疗东路，南接泰山大街，东接龙潭路；北界：北环山路东接优山美地西邻路，南接迎胜路，东接擂鼓石路，南接科山路，东接文化路，南接傲徕峰路，东接东岳大街，东接龙潭路。",
        "boundaryText": "西界：王家庄社区接长城路以东（长城路以西圣山帝景属于）；东界：龙潭路；南界：长城路南接泰山大街，东接佳苑路，北接铁路，东接荣疗东路，南接泰山大街，东接龙潭路；北界：北环山路东接优山美地西邻路，南接迎胜路，东接擂鼓石路，南接科山路，东接文化路，南接傲徕峰路，东接东岳大街，东接龙潭路。",
        "year": 2025,
        "policyIds": [
          "policy_2025_001"
        ],
        "sourceName": "泰山区2025年义务教育学校地址及四至范围统计表",
        "sourceUrl": "【待补：官方网页链接】",
        "sourceType": "manual",
        "verifiedDate": "2025-08-29",
        "dataStatus": "estimated",
        "geometryAccuracy": "manualApproximation",
        "note": "Polygon 根据公开四至范围人工绘制，为原型展示用，后续需要进一步核验。"
      },
      "geometry": {
        "type": "Polygon",
        "coordinates": [
          [
            [
              117.10470683275997,
              36.18267400702123
            ],
            [
              117.10464280538635,
              36.18303590042423
            ],
            [
              117.10467876492433,
              36.183326838271135
            ],
            [
              117.10473373513668,
              36.183488813173476
            ],
            [
              117.1051025669216,
              36.1843317081583
            ],
            [
              117.10515454873445,
              36.18440670463235
            ],
            [
              117.1052095226898,
              36.18454768576661
            ],
            [
              117.10663006595966,
              36.18676059504148
            ],
            [
              117.10670604193434,
              36.186901586889135
            ],
            [
              117.10674102859201,
              36.186987577981206
            ],
            [
              117.10679000870945,
              36.18711956270932
            ],
            [
              117.10684096481678,
              36.18746349556903
            ],
            [
              117.10687190896672,
              36.18793139040581
            ],
            [
              117.10688077609485,
              36.189100102635024
            ],
            [
              117.10475505918585,
              36.18943434344578
            ],
            [
              117.10423916340706,
              36.18951718741334
            ],
            [
              117.10252860694676,
              36.18981674471471
            ],
            [
              117.10197478066877,
              36.189942620959016
            ],
            [
              117.10157091497761,
              36.190058532997874
            ],
            [
              117.09985056945904,
              36.19069320195299
            ],
            [
              117.09939576964366,
              36.190857136831475
            ],
            [
              117.09952467704632,
              36.19111807754288
            ],
            [
              117.09961460452253,
              36.19137501786191
            ],
            [
              117.09980739777934,
              36.19239277408653
            ],
            [
              117.0998553273924,
              36.19281667083792
            ],
            [
              117.09984925785126,
              36.19345750972163
            ],
            [
              117.09974809018308,
              36.19536402439541
            ],
            [
              117.09676976370511,
              36.19518708841522
            ],
            [
              117.09337825497724,
              36.19505262092743
            ],
            [
              117.09348594849006,
              36.19698411050662
            ],
            [
              117.09364860620674,
              36.198843605640874
            ],
            [
              117.09234670574457,
              36.19884991576101
            ],
            [
              117.09082910734965,
              36.19885037473899
            ],
            [
              117.09130127373895,
              36.202249357818154
            ],
            [
              117.09093161900591,
              36.20230146418831
            ],
            [
              117.09030821729051,
              36.20240065458598
            ],
            [
              117.09062774180308,
              36.20382117962078
            ],
            [
              117.09075255175233,
              36.204427981827756
            ],
            [
              117.09082047141983,
              36.20455692587957
            ],
            [
              117.0909173630262,
              36.20468985945651
            ],
            [
              117.0912290508371,
              36.204825723228325
            ],
            [
              117.09152876306763,
              36.20489161290077
            ],
            [
              117.09166063668577,
              36.20493256257275
            ],
            [
              117.0917215753322,
              36.204980532148376
            ],
            [
              117.09177950733375,
              36.20511348102911
            ],
            [
              117.09129795027799,
              36.205141620566565
            ],
            [
              117.0905756282232,
              36.205278825058116
            ],
            [
              117.0899082768256,
              36.2054380265007
            ],
            [
              117.08973245319751,
              36.205468085947174
            ],
            [
              117.08941977398706,
              36.20549620158834
            ],
            [
              117.08900721137594,
              36.2054823739424
            ],
            [
              117.08857968219418,
              36.205401577652545
            ],
            [
              117.0879703771635,
              36.205230896415856
            ],
            [
              117.0867168665302,
              36.20493159154575
            ],
            [
              117.08525271223394,
              36.20463148056382
            ],
            [
              117.0844757418169,
              36.20446099449021
            ],
            [
              117.08332933147324,
              36.204132822102764
            ],
            [
              117.08266028942482,
              36.20397532379143
            ],
            [
              117.07981057866054,
              36.20394252367451
            ],
            [
              117.07955698010522,
              36.203959732010844
            ],
            [
              117.07923848669904,
              36.20400499171207
            ],
            [
              117.07883112909208,
              36.204185299237395
            ],
            [
              117.07863244192066,
              36.20430744318892
            ],
            [
              117.07830195710041,
              36.20459966377031
            ],
            [
              117.07795251338128,
              36.20486491347332
            ],
            [
              117.07773686373189,
              36.20499607860427
            ],
            [
              117.07743835728004,
              36.205139320407994
            ],
            [
              117.07715882787362,
              36.20523855937428
            ],
            [
              117.07495873240194,
              36.20558067413424
            ],
            [
              117.074118295931,
              36.20569854201467
            ],
            [
              117.07358530269447,
              36.20581709738363
            ],
            [
              117.0730962358376,
              36.205964608086475
            ],
            [
              117.07276486963325,
              36.20611694666787
            ],
            [
              117.07251435220482,
              36.2062372045358
            ],
            [
              117.0715981380444,
              36.2067501522802
            ],
            [
              117.07116001826105,
              36.20690564147849
            ],
            [
              117.07079975104799,
              36.20702305270359
            ],
            [
              117.07036864155577,
              36.20712456223044
            ],
            [
              117.06997446337134,
              36.20722803244377
            ],
            [
              117.06964814759917,
              36.207335421222716
            ],
            [
              117.06935475926853,
              36.20750675549415
            ],
            [
              117.06903641735265,
              36.20778909760691
            ],
            [
              117.0688967399413,
              36.207627322512984
            ],
            [
              117.06874807561576,
              36.20753354265766
            ],
            [
              117.06863433549012,
              36.20744171688464
            ],
            [
              117.0685385459521,
              36.20744384363222
            ],
            [
              117.06838888431822,
              36.20737106200394
            ],
            [
              117.06797385885724,
              36.20690274100936
            ],
            [
              117.06787609285433,
              36.20676490908198
            ],
            [
              117.06769353647074,
              36.20646023612693
            ],
            [
              117.0675289616268,
              36.2059745862214
            ],
            [
              117.06746619300803,
              36.20517687683784
            ],
            [
              117.0674582461375,
              36.20486396783149
            ],
            [
              117.06741935405984,
              36.20468606692308
            ],
            [
              117.06738749154947,
              36.20410425956284
            ],
            [
              117.06730486952695,
              36.20240680669082
            ],
            [
              117.06727597148416,
              36.20208292916258
            ],
            [
              117.0672141828032,
              36.20145117554882
            ],
            [
              117.06716035687725,
              36.20099136717648
            ],
            [
              117.06723033149399,
              36.199801571998094
            ],
            [
              117.06726233980832,
              36.19881575779142
            ],
            [
              117.06656297456064,
              36.19877576704789
            ],
            [
              117.06484103320246,
              36.19870328567225
            ],
            [
              117.06481010736444,
              36.19870333170936
            ],
            [
              117.06480113170464,
              36.19867835140385
            ],
            [
              117.06487006242983,
              36.19782346499489
            ],
            [
              117.06578090494251,
              36.19779613483753
            ],
            [
              117.0659375393828,
              36.19778191203344
            ],
            [
              117.06617499000653,
              36.197739581503356
            ],
            [
              117.06732933526561,
              36.19776894939597
            ],
            [
              117.0675079447179,
              36.19764973321332
            ],
            [
              117.06764878189476,
              36.19627488691693
            ],
            [
              117.06852892282564,
              36.18648614650921
            ],
            [
              117.06861986612064,
              36.18521034187997
            ],
            [
              117.07016357711566,
              36.18486442984442
            ],
            [
              117.07071842670719,
              36.184736768677546
            ],
            [
              117.07238307791637,
              36.18433187108104
            ],
            [
              117.07272738163513,
              36.18424947930855
            ],
            [
              117.07300584139479,
              36.18418517735774
            ],
            [
              117.07349490256051,
              36.184074654701924
            ],
            [
              117.07452397143929,
              36.183828592738465
            ],
            [
              117.0754702644837,
              36.18361566591055
            ],
            [
              117.07545726906939,
              36.18378563726597
            ],
            [
              117.07530829449297,
              36.18598124738241
            ],
            [
              117.07525630043888,
              36.18677610401413
            ],
            [
              117.0751973063558,
              36.187686938963616
            ],
            [
              117.0751643172213,
              36.188129863117545
            ],
            [
              117.07501341263068,
              36.189756615443414
            ],
            [
              117.07494447781131,
              36.190311549278796
            ],
            [
              117.07561021278019,
              36.19069676352139
            ],
            [
              117.07664230442477,
              36.19125459405706
            ],
            [
              117.07713341952744,
              36.19149805970165
            ],
            [
              117.07850701503814,
              36.192184620882244
            ],
            [
              117.07947238263377,
              36.19271464823659
            ],
            [
              117.08080523198593,
              36.19328941334189
            ],
            [
              117.0812725098376,
              36.193417017838364
            ],
            [
              117.0825166580468,
              36.19365603801048
            ],
            [
              117.08373793995086,
              36.19375517807832
            ],
            [
              117.08468267589089,
              36.193764575937344
            ],
            [
              117.08540574988483,
              36.19370415927058
            ],
            [
              117.0864734485334,
              36.19350561461234
            ],
            [
              117.0871966095381,
              36.19331728843833
            ],
            [
              117.08825345199857,
              36.19290188931074
            ],
            [
              117.08990776510888,
              36.19225736401473
            ],
            [
              117.09268228986417,
              36.19108378186061
            ],
            [
              117.09473972884054,
              36.19023256736168
            ],
            [
              117.09576404099448,
              36.18979153496927
            ],
            [
              117.0958769719048,
              36.18971454131595
            ],
            [
              117.09485280426995,
              36.188817902113094
            ],
            [
              117.09493090707204,
              36.187395243965135
            ],
            [
              117.09527906398102,
              36.18375909440137
            ],
            [
              117.09961743103875,
              36.18404384097487
            ],
            [
              117.10109476885538,
              36.18413594371266
            ],
            [
              117.10166055612828,
              36.18408502937663
            ],
            [
              117.10232533636001,
              36.1839521656921
            ],
            [
              117.1028681882311,
              36.18372132129945
            ],
            [
              117.10363901251652,
              36.1833255806342
            ],
            [
              117.10424390303308,
              36.18295881568106
            ],
            [
              117.10470683275997,
              36.18267400702123
            ]
          ]
        ]
      }
    },
    {
      "type": "Feature",
      "properties": {
        "zoneId": "zone_034",
        "zoneName": "山东省泰安南关中学学区",
        "stage": "初中",
        "schoolId": "school_m_007",
        "description": "东界：自泮河大街与泰良路交界处起，沿泰良路向北至泰辛铁路、沿泰辛铁路向东至南关中学东临，自南关中学东界至迎春西路、沿迎春西路向北至与灵山大街交汇处，沿灵山大街向西至顺河街，沿顺河街向北至与财源街交汇处，沿财源街向东至于通天街交汇处，沿通天街向北至与东岳大街交汇处止。北界：自通天街与东岳大街交汇处向西至与校场街交汇处，沿校场街向南至与财源街交汇处，沿财源北街向西至与龙潭路交汇处止。西界：自财源大街与龙潭路交界处起，沿龙潭路向南至与泮河大街交界处止。南界：自泮河大街与龙潭路交界处起，沿泮河大街向东、至与泰良路交界处止。",
        "boundaryText": "东界：自泮河大街与泰良路交界处起，沿泰良路向北至泰辛铁路、沿泰辛铁路向东至南关中学东临，自南关中学东界至迎春西路、沿迎春西路向北至与灵山大街交汇处，沿灵山大街向西至顺河街，沿顺河街向北至与财源街交汇处，沿财源街向东至于通天街交汇处，沿通天街向北至与东岳大街交汇处止。北界：自通天街与东岳大街交汇处向西至与校场街交汇处，沿校场街向南至与财源街交汇处，沿财源北街向西至与龙潭路交汇处止。西界：自财源大街与龙潭路交界处起，沿龙潭路向南至与泮河大街交界处止。南界：自泮河大街与龙潭路交界处起，沿泮河大街向东、至与泰良路交界处止。",
        "year": 2025,
        "policyIds": [
          "policy_2025_001"
        ],
        "sourceName": "泰山区2025年义务教育学校地址及四至范围统计表",
        "sourceUrl": "【待补：官方网页链接】",
        "sourceType": "manual",
        "verifiedDate": "2025-08-29",
        "dataStatus": "estimated",
        "geometryAccuracy": "manualApproximation",
        "note": "Polygon 根据公开四至范围人工绘制，为原型展示用，后续需要进一步核验。"
      },
      "geometry": {
        "type": "Polygon",
        "coordinates": [
          [
            [
              117.13383546090394,
              36.1617493022818
            ],
            [
              117.13160849473691,
              36.16702016015757
            ],
            [
              117.13127306301458,
              36.16782054651594
            ],
            [
              117.13097969029465,
              36.16850801543845
            ],
            [
              117.13039595506645,
              36.169904958945025
            ],
            [
              117.12979721701919,
              36.171314890956424
            ],
            [
              117.12947583256745,
              36.17201833492483
            ],
            [
              117.1292726046254,
              36.17234701311165
            ],
            [
              117.12905036055605,
              36.172676669855505
            ],
            [
              117.1321494185802,
              36.17265847962223
            ],
            [
              117.1322083683789,
              36.17365031346186
            ],
            [
              117.13228830672541,
              36.17494010121799
            ],
            [
              117.13208809521085,
              36.17495884127157
            ],
            [
              117.13213110488948,
              36.17527081990679
            ],
            [
              117.1321580394383,
              36.17610065157438
            ],
            [
              117.13222803993578,
              36.17674558320349
            ],
            [
              117.13229107693604,
              36.177003600620715
            ],
            [
              117.13247427072878,
              36.17699583723125
            ],
            [
              117.13246200442865,
              36.1792422709227
            ],
            [
              117.13239681468617,
              36.18031492377503
            ],
            [
              117.13238777912113,
              36.18054585540383
            ],
            [
              117.13211526975552,
              36.18252901878155
            ],
            [
              117.13205414493714,
              36.18307080728368
            ],
            [
              117.1294375107016,
              36.18337050290561
            ],
            [
              117.12887798882416,
              36.183381837989714
            ],
            [
              117.12832648678572,
              36.18339019290247
            ],
            [
              117.12723052607726,
              36.18339794183745
            ],
            [
              117.12503175261823,
              36.18335656369944
            ],
            [
              117.12457240524152,
              36.18336808217686
            ],
            [
              117.1240800435832,
              36.18337357565612
            ],
            [
              117.1236807546983,
              36.18340616399405
            ],
            [
              117.12331049293742,
              36.18345978461819
            ],
            [
              117.12203061041427,
              36.18376746782333
            ],
            [
              117.12139421419295,
              36.18377986917459
            ],
            [
              117.12086491286838,
              36.183661414030766
            ],
            [
              117.12038367186196,
              36.1833580572331
            ],
            [
              117.1199353812913,
              36.18374356729367
            ],
            [
              117.11860857312848,
              36.18489915607748
            ],
            [
              117.1184384727917,
              36.18506997417276
            ],
            [
              117.11833240894164,
              36.18519385698064
            ],
            [
              117.1182353489883,
              36.18532474575531
            ],
            [
              117.11812227694006,
              36.185501610570135
            ],
            [
              117.11802420121106,
              36.18577646358193
            ],
            [
              117.11792409272277,
              36.18633724436407
            ],
            [
              117.11782697947885,
              36.18695601337562
            ],
            [
              117.11908255404524,
              36.187129997417166
            ],
            [
              117.11985694657437,
              36.18721863781234
            ],
            [
              117.12096655507338,
              36.187356590517545
            ],
            [
              117.1215749173883,
              36.18738514324824
            ],
            [
              117.12250149755234,
              36.1874560034133
            ],
            [
              117.12350717111188,
              36.18751997411287
            ],
            [
              117.12453790835264,
              36.187570008930216
            ],
            [
              117.12535152250835,
              36.18760585207232
            ],
            [
              117.12610811614235,
              36.187659650861114
            ],
            [
              117.12569238239523,
              36.1911823196941
            ],
            [
              117.11350916516261,
              36.189940190772965
            ],
            [
              117.1138486961302,
              36.18598139210401
            ],
            [
              117.11177933462402,
              36.185441278811325
            ],
            [
              117.1116172796428,
              36.18571412067329
            ],
            [
              117.11141421802229,
              36.18600793587907
            ],
            [
              117.11100912252357,
              36.18640561882599
            ],
            [
              117.110535032682,
              36.186769281323315
            ],
            [
              117.10983092728938,
              36.18724581249729
            ],
            [
              117.10946588502398,
              36.18747058284416
            ],
            [
              117.1090728469904,
              36.18771334143028
            ],
            [
              117.10886883239431,
              36.187821223103256
            ],
            [
              117.10869684286203,
              36.18772517117662
            ],
            [
              117.10845785569178,
              36.18762909173165
            ],
            [
              117.10814188053709,
              36.18747199775959
            ],
            [
              117.10794690351773,
              36.187329953026676
            ],
            [
              117.1078419180035,
              36.187241932452174
            ],
            [
              117.10773493824044,
              36.18710892271285
            ],
            [
              117.10684096481678,
              36.18746349556903
            ],
            [
              117.10679000870945,
              36.18711956270932
            ],
            [
              117.10674102859201,
              36.186987577981206
            ],
            [
              117.10670604193434,
              36.186901586889135
            ],
            [
              117.10663006595966,
              36.18676059504148
            ],
            [
              117.1052095226898,
              36.18454768576661
            ],
            [
              117.10515454873445,
              36.18440670463235
            ],
            [
              117.1051025669216,
              36.1843317081583
            ],
            [
              117.10473373513668,
              36.183488813173476
            ],
            [
              117.10467876492433,
              36.183326838271135
            ],
            [
              117.10464280538635,
              36.18303590042423
            ],
            [
              117.10470683275997,
              36.18267400702123
            ],
            [
              117.1052947947601,
              36.18200233944905
            ],
            [
              117.10604781751233,
              36.180743884177595
            ],
            [
              117.10671587080134,
              36.179553404987246
            ],
            [
              117.10810104772933,
              36.177148526736595
            ],
            [
              117.10865514336312,
              36.176210991058085
            ],
            [
              117.10946732190573,
              36.17474771551454
            ],
            [
              117.11089770404998,
              36.17229002569361
            ],
            [
              117.11103175794877,
              36.17194618017477
            ],
            [
              117.1110807852428,
              36.17175525266871
            ],
            [
              117.1111008156109,
              36.1715073235617
            ],
            [
              117.11108584814087,
              36.17120338932184
            ],
            [
              117.11101687123465,
              36.17092741952166
            ],
            [
              117.11081891523459,
              36.17034445645755
            ],
            [
              117.11135900414573,
              36.17012479820792
            ],
            [
              117.11248825139299,
              36.16953758128294
            ],
            [
              117.1133144857999,
              36.16898721532874
            ],
            [
              117.11369661287185,
              36.16866753334966
            ],
            [
              117.11423581786244,
              36.16809602082546
            ],
            [
              117.11597964021185,
              36.16568580889456
            ],
            [
              117.11724732631139,
              36.16395617493966
            ],
            [
              117.11779764746656,
              36.16320678611655
            ],
            [
              117.11815584228044,
              36.162912143561016
            ],
            [
              117.11852404531523,
              36.16263950866794
            ],
            [
              117.11893827734616,
              36.16236691718421
            ],
            [
              117.11945756734514,
              36.16213141270777
            ],
            [
              117.11987780538136,
              36.16199080892021
            ],
            [
              117.12049616165075,
              36.16185938545661
            ],
            [
              117.12096743979879,
              36.16180282364312
            ],
            [
              117.12148175079183,
              36.16177530268885
            ],
            [
              117.1231378211857,
              36.16177688691281
            ],
            [
              117.12501617985684,
              36.161767800992024
            ],
            [
              117.13383546090394,
              36.1617493022818
            ]
          ]
        ]
      }
    },
    {
      "type": "Feature",
      "properties": {
        "zoneId": "zone_035",
        "zoneName": "泰安市泰山区泰前中学学区",
        "stage": "初中",
        "schoolId": "school_m_016",
        "description": "北至艾洼小区，南至北上高大街，东至明堂路，西至温泉路",
        "boundaryText": "北至艾洼小区，南至北上高大街，东至明堂路，西至温泉路",
        "year": 2025,
        "policyIds": [
          "policy_2025_001"
        ],
        "sourceName": "泰山区2025年义务教育学校地址及四至范围统计表",
        "sourceUrl": "【待补：官方网页链接】",
        "sourceType": "manual",
        "verifiedDate": "2025-08-29",
        "dataStatus": "estimated",
        "geometryAccuracy": "manualApproximation",
        "note": "Polygon 根据公开四至范围人工绘制，为原型展示用，后续需要进一步核验。"
      },
      "geometry": {
        "type": "Polygon",
        "coordinates": [
          [
            [
              117.14248206386266,
              36.216653010765924
            ],
            [
              117.14235588045712,
              36.21673379519636
            ],
            [
              117.14225372843069,
              36.2168336119489
            ],
            [
              117.14207143966246,
              36.21717324329697
            ],
            [
              117.14195225750312,
              36.21734101684656
            ],
            [
              117.14186412387821,
              36.21745785148163
            ],
            [
              117.14162977802552,
              36.217694432005416
            ],
            [
              117.14152261537156,
              36.21784722891953
            ],
            [
              117.14140643307555,
              36.218068994334
            ],
            [
              117.14121312357517,
              36.218500588253406
            ],
            [
              117.14111497478909,
              36.2186494008127
            ],
            [
              117.14102784828312,
              36.21873424699417
            ],
            [
              117.14092369776128,
              36.21883206429617
            ],
            [
              117.14031082792022,
              36.21932501602902
            ],
            [
              117.13999538579542,
              36.21956848264148
            ],
            [
              117.13985519755245,
              36.21961226327832
            ],
            [
              117.13973696569956,
              36.22030090735564
            ],
            [
              117.14090955926252,
              36.219891764795456
            ],
            [
              117.14212125364195,
              36.21942772898179
            ],
            [
              117.14242367377888,
              36.21939520258639
            ],
            [
              117.14262695515184,
              36.219395516271454
            ],
            [
              117.14459467279437,
              36.21997844726867
            ],
            [
              117.14527263039203,
              36.22020546928983
            ],
            [
              117.1454608718871,
              36.220503692878765
            ],
            [
              117.14545079376887,
              36.22106552880275
            ],
            [
              117.14540565105091,
              36.22174527718611
            ],
            [
              117.14542566521584,
              36.22187927397992
            ],
            [
              117.14551979514465,
              36.22194940671172
            ],
            [
              117.14682168249773,
              36.22232341785242
            ],
            [
              117.14734745059393,
              36.222528225234434
            ],
            [
              117.1473043261585,
              36.22305401546067
            ],
            [
              117.14721314686717,
              36.22342376798969
            ],
            [
              117.14714302868913,
              36.223534623650785
            ],
            [
              117.14697675458787,
              36.22374729501513
            ],
            [
              117.14645992554343,
              36.224243320514695
            ],
            [
              117.14606228278043,
              36.22470855206323
            ],
            [
              117.14596110651638,
              36.22494532561793
            ],
            [
              117.14595007692414,
              36.225063276498005
            ],
            [
              117.14599613480462,
              36.22515332706528
            ],
            [
              117.1460682341894,
              36.22521742670275
            ],
            [
              117.14613833503044,
              36.225243533288406
            ],
            [
              117.14623047251561,
              36.22523568471869
            ],
            [
              117.14735817900034,
              36.22508056724865
            ],
            [
              117.14762658732752,
              36.22506501323904
            ],
            [
              117.14807425993833,
              36.225147731267526
            ],
            [
              117.14840074959668,
              36.225242248187776
            ],
            [
              117.14891652179517,
              36.225448053729345
            ],
            [
              117.15080735238737,
              36.22665592585122
            ],
            [
              117.15122298317743,
              36.22693656110016
            ],
            [
              117.15174378501108,
              36.227231376097336
            ],
            [
              117.15210032632136,
              36.22752891097289
            ],
            [
              117.15245285620762,
              36.227892423224326
            ],
            [
              117.15279039360571,
              36.22799398117645
            ],
            [
              117.15445810333996,
              36.228289817194835
            ],
            [
              117.15472053037536,
              36.228371257690036
            ],
            [
              117.15497192657267,
              36.228573647318036
            ],
            [
              117.15506706580881,
              36.228747768927356
            ],
            [
              117.15529037085776,
              36.22935500166702
            ],
            [
              117.15545360538246,
              36.229701198240605
            ],
            [
              117.15553974030256,
              36.22978632819996
            ],
            [
              117.1558462509634,
              36.22982686166992
            ],
            [
              117.15702825009454,
              36.22984296728967
            ],
            [
              117.15721356877265,
              36.22981630674094
            ],
            [
              117.15768139825443,
              36.22954721942587
            ],
            [
              117.15823240189196,
              36.229029351180095
            ],
            [
              117.1585680293668,
              36.22858907543959
            ],
            [
              117.15902688667283,
              36.228014060181
            ],
            [
              117.15978728670913,
              36.22729863307253
            ],
            [
              117.16023607838426,
              36.227214473835694
            ],
            [
              117.16124480737163,
              36.22755123005475
            ],
            [
              117.16167354723214,
              36.22768098267413
            ],
            [
              117.16243787530651,
              36.227874338116806
            ],
            [
              117.16446940543129,
              36.22862789683641
            ],
            [
              117.16487411214062,
              36.22878460706482
            ],
            [
              117.16532088332069,
              36.2290503673451
            ],
            [
              117.16622645999311,
              36.22950693332934
            ],
            [
              117.16652296356092,
              36.22977941393461
            ],
            [
              117.1666531867447,
              36.229882629527424
            ],
            [
              117.16686652604564,
              36.23028791957782
            ],
            [
              117.16732026183452,
              36.23103156853072
            ],
            [
              117.16745348382842,
              36.23119877288912
            ],
            [
              117.16757369587181,
              36.23124598516587
            ],
            [
              117.16789426958563,
              36.23130157036311
            ],
            [
              117.16818579364006,
              36.23133510737686
            ],
            [
              117.16859853586435,
              36.23138586721956
            ],
            [
              117.16867667347522,
              36.23142200399425
            ],
            [
              117.168793878586,
              36.23148820595866
            ],
            [
              117.16903012886577,
              36.233075222060734
            ],
            [
              117.16905314850442,
              36.23327221215099
            ],
            [
              117.1690300767617,
              36.233538097194504
            ],
            [
              117.16870044528495,
              36.233836398606734
            ],
            [
              117.1683387710005,
              36.23400267583761
            ],
            [
              117.16824960385355,
              36.23405249531587
            ],
            [
              117.16809131640878,
              36.23405919697661
            ],
            [
              117.1679801193675,
              36.234020999019016
            ],
            [
              117.1675583798624,
              36.23381126606678
            ],
            [
              117.16735501844525,
              36.23375590049625
            ],
            [
              117.16722577617203,
              36.23383363777405
            ],
            [
              117.16721574456622,
              36.23395358664364
            ],
            [
              117.16760035688304,
              36.234691107033456
            ],
            [
              117.1678367821991,
              36.23471254382101
            ],
            [
              117.16805818597527,
              36.23468596562666
            ],
            [
              117.1683266720074,
              36.234688467939236
            ],
            [
              117.16895279027987,
              36.234839600824735
            ],
            [
              117.16906799525978,
              36.23487580710566
            ],
            [
              117.16918318576904,
              36.23504097851267
            ],
            [
              117.16916113440114,
              36.23514190984675
            ],
            [
              117.1684106204095,
              36.23650113447707
            ],
            [
              117.16831143676868,
              36.236535939176456
            ],
            [
              117.16760416509345,
              36.23645863562699
            ],
            [
              117.16615654230996,
              36.23654990542061
            ],
            [
              117.16785448791381,
              36.237615790055166
            ],
            [
              117.16700477635857,
              36.239176775321866
            ],
            [
              117.16634344992352,
              36.24036521548276
            ],
            [
              117.1660318240784,
              36.24094047667483
            ],
            [
              117.16528031922464,
              36.24231170054422
            ],
            [
              117.16466309441786,
              36.243365263161365
            ],
            [
              117.16405691983333,
              36.244173915282374
            ],
            [
              117.16297686705114,
              36.24532759779116
            ],
            [
              117.1620000179623,
              36.24638750357022
            ],
            [
              117.1606094040929,
              36.24788553719714
            ],
            [
              117.16008536654655,
              36.248967279643516
            ],
            [
              117.15932285244222,
              36.25063342751895
            ],
            [
              117.15873974020145,
              36.25154711472383
            ],
            [
              117.15867663158984,
              36.25154400133076
            ],
            [
              117.15829800081359,
              36.251350370765316
            ],
            [
              117.15826595299687,
              36.25128533105142
            ],
            [
              117.1579734750096,
              36.25106686432507
            ],
            [
              117.15762790354103,
              36.2508822935182
            ],
            [
              117.15739651869706,
              36.25078690418946
            ],
            [
              117.1565370706105,
              36.25066039990649
            ],
            [
              117.15611535903042,
              36.25064465208491
            ],
            [
              117.1560031483064,
              36.25083439936093
            ],
            [
              117.15583786102665,
              36.25091208368301
            ],
            [
              117.15561747258415,
              36.25106964822811
            ],
            [
              117.1551095546266,
              36.25166158303459
            ],
            [
              117.15477797406896,
              36.25190292994635
            ],
            [
              117.15409881149262,
              36.252214647891265
            ],
            [
              117.15369912340083,
              36.25246687710252
            ],
            [
              117.1526713737607,
              36.25306092078171
            ],
            [
              117.15169376158758,
              36.25333115712029
            ],
            [
              117.15091546392753,
              36.25379369429155
            ],
            [
              117.14970031513539,
              36.25582906035799
            ],
            [
              117.15019897711765,
              36.25690759888997
            ],
            [
              117.14961495596842,
              36.25782735201451
            ],
            [
              117.14870345388485,
              36.258584609257376
            ],
            [
              117.14862530713941,
              36.25881641318949
            ],
            [
              117.14885162348568,
              36.25911070744549
            ],
            [
              117.14916309651095,
              36.25919920371637
            ],
            [
              117.14955270651802,
              36.259174865218945
            ],
            [
              117.1510701446677,
              36.25880754363331
            ],
            [
              117.15232423346701,
              36.258170879833074
            ],
            [
              117.15270585267342,
              36.25817753877069
            ],
            [
              117.15356219718224,
              36.25868088685928
            ],
            [
              117.15414617681613,
              36.25853695032953
            ],
            [
              117.1544888182631,
              36.25788673677539
            ],
            [
              117.15461830168637,
              36.255508636387965
            ],
            [
              117.15686223170158,
              36.25412801063594
            ],
            [
              117.15847400333587,
              36.25401794162724
            ],
            [
              117.16292674517344,
              36.25450294937271
            ],
            [
              117.17736131509928,
              36.25055905646622
            ],
            [
              117.17743952809874,
              36.24992337965185
            ],
            [
              117.17780326063749,
              36.249262242292026
            ],
            [
              117.17855868889913,
              36.248699806017065
            ],
            [
              117.17903062282448,
              36.24796288834877
            ],
            [
              117.17983914723173,
              36.24734556029484
            ],
            [
              117.18021684976216,
              36.24712931992158
            ],
            [
              117.180473353489,
              36.24673990241027
            ],
            [
              117.18036519861911,
              36.24639179864031
            ],
            [
              117.18002863485107,
              36.24603327463319
            ],
            [
              117.17994756103144,
              36.245393301191896
            ],
            [
              117.18517799178198,
              36.235109699264214
            ],
            [
              117.1856149278476,
              36.2335579081616
            ],
            [
              117.18582450409204,
              36.23166979455413
            ],
            [
              117.18583673572347,
              36.229791320489625
            ],
            [
              117.18557981996697,
              36.22504512209953
            ],
            [
              117.18524683370609,
              36.219734922488804
            ],
            [
              117.18496789384659,
              36.21484269723813
            ],
            [
              117.18474595902212,
              36.210789346662466
            ],
            [
              117.1740647933429,
              36.21075756521276
            ],
            [
              117.17312909650344,
              36.21070082310648
            ],
            [
              117.1718537724793,
              36.21072042232288
            ],
            [
              117.1662676387753,
              36.210775935988245
            ],
            [
              117.16569761232623,
              36.210785870238674
            ],
            [
              117.16523678027876,
              36.21082800097476
            ],
            [
              117.164601647776,
              36.21078183171023
            ],
            [
              117.16402762767473,
              36.21073377856637
            ],
            [
              117.1613970291236,
              36.21017506797974
            ],
            [
              117.16012484282612,
              36.209802835751795
            ],
            [
              117.15721694971027,
              36.20871285357463
            ],
            [
              117.15590775985635,
              36.208460579568374
            ],
            [
              117.15432511827292,
              36.208436786994945
            ],
            [
              117.14862832918153,
              36.208320392763284
            ],
            [
              117.14862800620249,
              36.20832304821312
            ],
            [
              117.14688398098687,
              36.20828475302577
            ],
            [
              117.14616707335401,
              36.20827010549156
            ],
            [
              117.14580455206111,
              36.21007796318038
            ],
            [
              117.1455629369225,
              36.21116793219836
            ],
            [
              117.14554359671608,
              36.21126248388393
            ],
            [
              117.14711133627901,
              36.21151271748285
            ],
            [
              117.14754297885393,
              36.21159640505988
            ],
            [
              117.14784341689378,
              36.211759858470465
            ],
            [
              117.1479135068912,
              36.21190893575431
            ],
            [
              117.1479375009983,
              36.21228587778031
            ],
            [
              117.14790942394018,
              36.212589752547395
            ],
            [
              117.14792143470082,
              36.212656755038076
            ],
            [
              117.14796048580476,
              36.21273180018833
            ],
            [
              117.14823087390268,
              36.212956190139394
            ],
            [
              117.14864647954288,
              36.21324980540167
            ],
            [
              117.14918929102124,
              36.21350464701962
            ],
            [
              117.1494787313331,
              36.213597109191234
            ],
            [
              117.1498693313153,
              36.21369674172871
            ],
            [
              117.15054537200872,
              36.21391882973772
            ],
            [
              117.15279684237389,
              36.21522635858144
            ],
            [
              117.15215452665372,
              36.21798412313021
            ],
            [
              117.15048658933904,
              36.218836909087194
            ],
            [
              117.14632392709409,
              36.21678513592881
            ],
            [
              117.14471554595244,
              36.21504783198722
            ],
            [
              117.14467805528399,
              36.21503131506194
            ],
            [
              117.14459221790901,
              36.2151137162975
            ],
            [
              117.1443568479207,
              36.21539327016775
            ],
            [
              117.14427271389361,
              36.21551210604251
            ],
            [
              117.14410043052887,
              36.215839748419675
            ],
            [
              117.14391013010875,
              36.21609838102928
            ],
            [
              117.14382800920163,
              36.21613524222811
            ],
            [
              117.14356963715085,
              36.21618782301897
            ],
            [
              117.14348050497429,
              36.2162436688946
            ],
            [
              117.14322711837443,
              36.21650920380248
            ],
            [
              117.1431039370883,
              36.216584992121874
            ],
            [
              117.14288161854876,
              36.21665462846228
            ],
            [
              117.14268133593603,
              36.21668930911504
            ],
            [
              117.14248206386266,
              36.216653010765924
            ]
          ]
        ]
      }
    },
    {
      "type": "Feature",
      "properties": {
        "zoneId": "zone_036",
        "zoneName": "泰山学院附属中学学区",
        "stage": "初中",
        "schoolId": "school_m_001",
        "description": "",
        "boundaryText": "",
        "year": 2025,
        "policyIds": [
          "policy_2025_001"
        ],
        "sourceName": "泰山区2025年义务教育学校地址及四至范围统计表",
        "sourceUrl": "【待补：官方网页链接】",
        "sourceType": "manual",
        "verifiedDate": "2025-08-29",
        "dataStatus": "estimated",
        "geometryAccuracy": "manualApproximation",
        "note": "Polygon 根据公开四至范围人工绘制，为原型展示用，后续需要进一步核验。"
      },
      "geometry": {
        "type": "Polygon",
        "coordinates": [
          [
            [
              117.10684096481678,
              36.18746349556903
            ],
            [
              117.10773493824044,
              36.18710892271285
            ],
            [
              117.1078419180035,
              36.187241932452174
            ],
            [
              117.10794690351773,
              36.187329953026676
            ],
            [
              117.10814188053709,
              36.18747199775959
            ],
            [
              117.10845785569178,
              36.18762909173165
            ],
            [
              117.10869684286203,
              36.18772517117662
            ],
            [
              117.10886883239431,
              36.187821223103256
            ],
            [
              117.1090728469904,
              36.18771334143028
            ],
            [
              117.10946588502398,
              36.18747058284416
            ],
            [
              117.10983092728938,
              36.18724581249729
            ],
            [
              117.110535032682,
              36.186769281323315
            ],
            [
              117.11100912252357,
              36.18640561882599
            ],
            [
              117.11141421802229,
              36.18600793587907
            ],
            [
              117.1116172796428,
              36.18571412067329
            ],
            [
              117.11177933462402,
              36.185441278811325
            ],
            [
              117.1138486961302,
              36.18598139210401
            ],
            [
              117.11350916516261,
              36.189940190772965
            ],
            [
              117.11325781352522,
              36.19253638448354
            ],
            [
              117.11474718826493,
              36.192675316310805
            ],
            [
              117.11522830857584,
              36.192929583179954
            ],
            [
              117.1160975256477,
              36.19364002472046
            ],
            [
              117.1167276988762,
              36.19421334802673
            ],
            [
              117.11721384756484,
              36.194635612621944
            ],
            [
              117.117679482632,
              36.195017170669296
            ],
            [
              117.11768200430491,
              36.19501488261411
            ],
            [
              117.11666147779694,
              36.19594086352076
            ],
            [
              117.11551296264926,
              36.19681780490434
            ],
            [
              117.11533787017927,
              36.19712360445649
            ],
            [
              117.11492661229285,
              36.198253034144585
            ],
            [
              117.11443135316784,
              36.19925344644416
            ],
            [
              117.1144162823605,
              36.199842287144435
            ],
            [
              117.11443924648249,
              36.200217207308874
            ],
            [
              117.1139450361177,
              36.20089171162165
            ],
            [
              117.11373195981304,
              36.20108752492385
            ],
            [
              117.11307677246343,
              36.20139403704107
            ],
            [
              117.1121635712015,
              36.2016024407819
            ],
            [
              117.11131143426941,
              36.20167594496092
            ],
            [
              117.11083235221761,
              36.20190263176434
            ],
            [
              117.10926519699765,
              36.20235574516291
            ],
            [
              117.10845114908398,
              36.202736286974776
            ],
            [
              117.10785816460556,
              36.20275603590256
            ],
            [
              117.1072721943888,
              36.202804794580594
            ],
            [
              117.10686822182424,
              36.2028686287824
            ],
            [
              117.10654423855635,
              36.20302047504647
            ],
            [
              117.10563426433113,
              36.2038929527599
            ],
            [
              117.10520130017431,
              36.20423373531098
            ],
            [
              117.10375347792863,
              36.20549403428005
            ],
            [
              117.10319958125585,
              36.205922803081194
            ],
            [
              117.102922656592,
              36.20598173220376
            ],
            [
              117.10277469541128,
              36.20604068863423
            ],
            [
              117.10263675559128,
              36.20589270087177
            ],
            [
              117.10248881575433,
              36.20578270240936
            ],
            [
              117.10231188420553,
              36.20569569406122
            ],
            [
              117.10176707623198,
              36.20568661048096
            ],
            [
              117.10134623240178,
              36.20570654774905
            ],
            [
              117.10069148684013,
              36.20580344845687
            ],
            [
              117.10051755534718,
              36.205855418474066
            ],
            [
              117.10027365336242,
              36.20593537681961
            ],
            [
              117.09919111469159,
              36.20640119463338
            ],
            [
              117.09901119847584,
              36.20647017145416
            ],
            [
              117.09864137959077,
              36.206582135889455
            ],
            [
              117.0980606932227,
              36.20663212438691
            ],
            [
              117.0977558698817,
              36.20661713483978
            ],
            [
              117.09757598206897,
              36.20655915552654
            ],
            [
              117.0975130238635,
              36.20652016789789
            ],
            [
              117.09742608635514,
              36.20642719530412
            ],
            [
              117.09736113743666,
              36.20632122535615
            ],
            [
              117.09732917021249,
              36.206202257343556
            ],
            [
              117.09726625451479,
              36.20579436493229
            ],
            [
              117.09722729602053,
              36.20563740711534
            ],
            [
              117.09707042081959,
              36.20538747974865
            ],
            [
              117.09697549187804,
              36.205281512626065
            ],
            [
              117.09686856783092,
              36.20520353953583
            ],
            [
              117.09670868092199,
              36.20510157696509
            ],
            [
              117.09641888056942,
              36.20499562749322
            ],
            [
              117.09612308309771,
              36.20494066927927
            ],
            [
              117.09561942810183,
              36.204943724604085
            ],
            [
              117.09475204748567,
              36.20501582911351
            ],
            [
              117.09443728164139,
              36.20504987327811
            ],
            [
              117.09383774232805,
              36.205118968494894
            ],
            [
              117.09328818461736,
              36.205160075519004
            ],
            [
              117.09303039935338,
              36.20516613374531
            ],
            [
              117.09265971817283,
              36.20514323076108
            ],
            [
              117.09209621758464,
              36.20510739026404
            ],
            [
              117.09196533539145,
              36.20510542771535
            ],
            [
              117.09177950733375,
              36.20511348102911
            ],
            [
              117.0917215753322,
              36.204980532148376
            ],
            [
              117.09166063668577,
              36.20493256257275
            ],
            [
              117.09152876306763,
              36.20489161290077
            ],
            [
              117.0912290508371,
              36.204825723228325
            ],
            [
              117.0909173630262,
              36.20468985945651
            ],
            [
              117.09082047141983,
              36.20455692587957
            ],
            [
              117.09075255175233,
              36.204427981827756
            ],
            [
              117.09062774180308,
              36.20382117962078
            ],
            [
              117.09030821729051,
              36.20240065458598
            ],
            [
              117.09093161900591,
              36.20230146418831
            ],
            [
              117.09130127373895,
              36.202249357818154
            ],
            [
              117.09082910734965,
              36.19885037473899
            ],
            [
              117.09234670574457,
              36.19884991576101
            ],
            [
              117.09364860620674,
              36.198843605640874
            ],
            [
              117.09348594849006,
              36.19698411050662
            ],
            [
              117.09337825497724,
              36.19505262092743
            ],
            [
              117.09676976370511,
              36.19518708841522
            ],
            [
              117.09974809018308,
              36.19536402439541
            ],
            [
              117.09984925785126,
              36.19345750972163
            ],
            [
              117.0998553273924,
              36.19281667083792
            ],
            [
              117.09980739777934,
              36.19239277408653
            ],
            [
              117.09961460452253,
              36.19137501786191
            ],
            [
              117.09952467704632,
              36.19111807754288
            ],
            [
              117.09939576964366,
              36.190857136831475
            ],
            [
              117.09985056945904,
              36.19069320195299
            ],
            [
              117.10157091497761,
              36.190058532997874
            ],
            [
              117.10197478066877,
              36.189942620959016
            ],
            [
              117.10252860694676,
              36.18981674471471
            ],
            [
              117.10423916340706,
              36.18951718741334
            ],
            [
              117.10475505918585,
              36.18943434344578
            ],
            [
              117.10688077609485,
              36.189100102635024
            ],
            [
              117.10687190896672,
              36.18793139040581
            ],
            [
              117.10684096481678,
              36.18746349556903
            ]
          ]
        ]
      }
    }
  ]
}